{
  "feature_columns": [
    "Time",
    "V1",
    "V2",
    "V3",
    "V4",
    "V5",
    "V6",
    "V7",
    "V8",
    "V9",
    "V10",
    "V11",
    "V12",
    "V13",
    "V14",
    "V15",
    "V16",
    "V17",
    "V18",
    "V19",
    "V20",
    "V21",
    "V22",
    "V23",
    "V24",
    "V25",
    "V26",
    "V27",
    "V28",
    "Amount"
  ],
  "target_column": "Class",
  "threshold": 0.9999999995294457,
  "threshold_selection": {
    "method": "max_f1_on_validation",
    "val_precision": 0.8088235294117647,
    "val_recall": 0.7432432432432432,
    "val_f1": 0.7746478873239436
  },
  "metrics": {
    "test_roc_auc": 0.9653353409684304,
    "test_pr_auc": 0.767139020465976,
    "test_precision": 0.9523809523809523,
    "test_recall": 0.5405405405405406,
    "test_f1": 0.6896551724137931,
    "test_confusion_matrix": [
      [
        42646,
        2
      ],
      [
        34,
        40
      ]
    ],
    "test_samples": 42722,
    "test_fraud_samples": 74
  }
}